INSERT IGNORE INTO users (id, code, email, is_moderator, name, password, photo, reg_time) VALUES
	(1, NULL, 'archipenkov@tut.by', b'1', 'Александр Архипенков', '1234567890', NULL, '2022-01-01 04:23:57.000000'),
	(2, NULL, 'konstantin_konstantinov@mail.by', b'0', 'Константин Константинов', '$2y$08$lDHUaI.h2K0nv882W4d/DudTaZSJF35g3dY/Nka67UwoOZt4JEkdu', NULL, '2022-01-01 18:24:51.000000'),
	(3, NULL, 'anna@mail.by', b'0', 'Анна Аникина', '$2y$08$dTQ5uIeg6Ktt3wovddWeMu2QNNp166k3HgKkecxF5MnJqE/fohaQa', NULL, '2022-01-01 18:36:47.000000'),
	(4, NULL, 'sergey@mail.by', b'0', 'Сергей Сергеев', '$2y$08$xV3JOkpu89Al.e2ICZFNcelQVN.M8Ml6ZyJS.6TdxAW1BRMJztk42', NULL, '2022-01-01 04:04:57.000000'),
	(5, NULL, 'aa@mail.by', b'0', 'Артём Артёмов', '$2y$08$rMNoBRQnGZsVtlW7BwTKlesG631oADviiNzmE9iBX2BdDUIuoNMy2', NULL, '2022-01-01 02:29:13.000000'),
	(6, NULL, 'tanya@mail.by', b'0', 'Татьяна Татьянова', '$2y$08$iRHzU00nVdDkQYgYbj8jsOQdZap9pzgNZ48qNWRl/6NixtFSQvg6G', NULL, '2022-01-01 19:38:46.000000'),
	(7, NULL, 'alevtina@mail.by', b'0', 'Алевтина Алевтинкина', '$2y$08$H1iL9OrYCJongMzSPyiEguKaoEZKqfHEJaiyxn40iBOAxNSrYpqQi', NULL, '2022-01-01 09:40:37.000000'),
	(8, NULL, 'ivan_ivanov@mail.by', b'0', 'Иван Иванов', '$2y$08$k1RJEnio3j5y7bpHh/oA1eJ5H7wGKOGrIJle.gJIF3bkZkiPFbhOe', NULL, '2022-01-01 14:19:04.000000'),
	(9, NULL, 'peter@mail.by', b'0', 'Пётр Петров', '$2y$08$2bvLDN3jeYG1/78bqIduv.RS.deTM.7Qse9DgipvAGQGRuOe8kIva', NULL, '2022-01-01 08:08:17.000000'),
	(10, NULL, 'demyan@mail.by', b'0', 'Демьян Демьяненко', '$2y$08$BESk64YmYRuGNNTqYAHNQ.8HBqdhczfybYK1HXufEaNU1QbbgHwwu', NULL, '2022-01-01 08:23:11.000000');

INSERT IGNORE INTO posts (id, is_active, moderation_status, text, time, title, view_count, user_id, moderator_id) VALUES
	(1, b'1', 'ACCEPTED', '<p>Таким образом, разбавленное изрядной долей эмпатии, рациональное мышление в значительной степени обусловливает важность экспериментов, поражающих по своей масштабности и грандиозности. Вот вам яркий пример современных тенденций - выбранный нами инновационный путь требует от нас анализа соответствующих условий активизации.</p>', '2022-01-10 05:51:27.000000', 'Новая парадигма реальности: небо темнеет', 46, 1, 1),
	(2, b'1', 'ACCEPTED', '<p>Таким образом, глубокий уровень погружения не даёт нам иного выбора, кроме определения приоритизации разума над эмоциями. Но предприниматели в сети интернет набирают популярность среди определенных слоев населения, а значит, должны быть ассоциативно распределены по отраслям! Сложно сказать, почему сторонники тоталитаризма в науке неоднозначны и будут представлены в исключительно положительном свете. Но глубокий уровень погружения способствует подготовке и реализации экспериментов, поражающих по своей масштабности и грандиозности.</p>', '2022-01-11 05:45:17.000000', 'Близость к государственным границам бодрит', 26, 5, 1),
	(3, b'1', 'ACCEPTED', '<p>Также как повышение уровня гражданского сознания, в своём классическом представлении, допускает внедрение благоприятных перспектив! Ясность нашей позиции очевидна: консультация с широким активом требует анализа приоритизации разума над эмоциями. И нет сомнений, что явные признаки победы институционализации, которые представляют собой яркий пример континентально-европейского типа политической культуры, будут призваны к ответу. С учётом сложившейся международной обстановки, дальнейшее развитие различных форм деятельности является качественно новой ступенью прогресса профессионального сообщества.</p>', '2022-01-07 19:44:30.000000', 'Нынче никто не может себе позволить инициировать полуночный пёсий вой!', 46, 8, 1),
	(4, b'1', 'ACCEPTED', '<p>Есть над чем задуматься: многие известные личности и по сей день остаются уделом либералов, которые жаждут быть преданы социально-демократической анафеме. Как принято считать, ключевые особенности структуры проекта освещают чрезвычайно интересные особенности картины в целом, однако конкретные выводы, разумеется, ассоциативно распределены по отраслям. Безусловно, высокотехнологичная концепция общественного уклада требует анализа как самодостаточных, так и внешне зависимых концептуальных решений.</p>', '2022-01-12 21:48:09.000000', 'Франция намерена исследовать, почему обучение кадров - приоритетная задача', 7, 3, 1),
	(5, b'1', 'ACCEPTED', '<p>Явные признаки победы институционализации освещают чрезвычайно интересные особенности картины в целом, однако конкретные выводы, разумеется, преданы социально-демократической анафеме. Имеется спорная точка зрения, гласящая примерно следующее: активно развивающиеся страны третьего мира и по сей день остаются уделом либералов, которые жаждут быть заблокированы в рамках своих собственных рациональных ограничений. Учитывая ключевые сценарии поведения, убеждённость некоторых оппонентов однозначно фиксирует необходимость модели развития.</p>', '2022-01-09 05:45:54.000000', 'Органический трафик стал нашим флагом в борьбе с ложью', 32, 4, 1),
	(6, b'1', 'ACCEPTED', '<p>Мы вынуждены отталкиваться от того, что внедрение современных методик способствует повышению качества укрепления моральных ценностей. Современные технологии достигли такого уровня, что курс на социально-ориентированный национальный проект предопределяет высокую востребованность приоритизации разума над эмоциями. В своём стремлении повысить качество жизни, они забывают, что укрепление и развитие внутренней структуры говорит о возможностях первоочередных требований. Принимая во внимание показатели успешности, перспективное планирование прекрасно подходит для реализации кластеризации усилий.</p>', '2022-01-04 16:20:12.000000', 'Сейчас всё чаще звучит далёкий барабанный бой', 36, 10, 1),
	(7, b'1', 'ACCEPTED', '<p>В рамках спецификации современных стандартов, непосредственные участники технического прогресса представляют собой не что иное, как квинтэссенцию победы маркетинга над разумом и должны быть функционально разнесены на независимые элементы. Для современного мира разбавленное изрядной долей эмпатии, рациональное мышление в значительной степени обусловливает важность укрепления моральных ценностей.</p>', '2022-01-02 20:07:54.000000', 'Новая модель организационной деятельности одухотворила всех причастных!', 7, 6, 1),
	(8, b'1', 'ACCEPTED', '<p>Следует отметить, что семантический разбор внешних противодействий играет важную роль в формировании экономической целесообразности принимаемых решений. Высокий уровень вовлечения представителей целевой аудитории является четким доказательством простого факта: синтетическое тестирование способствует повышению качества прогресса профессионального сообщества. А ещё диаграммы связей своевременно верифицированы. Идейные соображения высшего порядка, а также внедрение современных методик является качественно новой ступенью поставленных обществом задач. Задача организации, в особенности же реализация намеченных плановых заданий влечет за собой процесс внедрения и модернизации существующих финансовых и административных условий. Высокий уровень вовлечения представителей целевой аудитории является четким доказательством простого факта: реализация намеченных плановых заданий способствует подготовке и реализации вывода текущих активов.</p>', '2022-01-09 05:35:13.000000', 'Тяжёлое машиностроение - это вам не песнь светлого будущего', 8, 4, 1),
	(9, b'1', 'ACCEPTED', '<p>Элементы политического процесса будут в равной степени предоставлены сами себе! Банальные, но неопровержимые выводы, а также представители современных социальных резервов, которые представляют собой яркий пример континентально-европейского типа политической культуры, будут объединены в целые кластеры себе подобных. Но синтетическое тестирование способствует повышению качества вывода текущих активов. Банальные, но неопровержимые выводы, а также интерактивные прототипы своевременно верифицированы.</p>', '2022-01-11 20:37:02.000000', 'Не следует забывать, что средства индивидуальной защиты оказались бесполезны', 24, 2, 1),
	(10, b'1', 'ACCEPTED', '<p>В частности, разбавленное изрядной долей эмпатии, рациональное мышление играет важную роль в формировании новых принципов формирования материально-технической и кадровой базы. В рамках спецификации современных стандартов, предприниматели в сети интернет объявлены нарушающими общечеловеческие нормы этики и морали. Внезапно, элементы политического процесса и по сей день остаются уделом либералов, которые жаждут быть преданы социально-демократической анафеме. Банальные, но неопровержимые выводы, а также некоторые особенности внутренней политики ассоциативно распределены по отраслям. Каждый из нас понимает очевидную вещь: высокотехнологичная концепция общественного уклада создаёт предпосылки для кластеризации усилий. Учитывая ключевые сценарии поведения, повышение уровня гражданского сознания обеспечивает актуальность своевременного выполнения сверхзадачи.</p>', '2022-01-09 16:51:22.000000', 'Консультация с широким активом бодрит', 40, 4, 1),
	(11, b'1', 'ACCEPTED', '<p>И нет сомнений, что акционеры крупнейших компаний представляют собой не что иное, как квинтэссенцию победы маркетинга над разумом и должны быть преданы социально-демократической анафеме. Разнообразный и богатый опыт говорит нам, что синтетическое тестирование предопределяет высокую востребованность анализа существующих паттернов поведения. Мы вынуждены отталкиваться от того, что курс на социально-ориентированный национальный проект способствует повышению качества вывода текущих активов. Действия представителей оппозиции и по сей день остаются уделом либералов, которые жаждут быть представлены в исключительно положительном свете. Являясь всего лишь частью общей картины, ключевые особенности структуры проекта могут быть разоблачены. Разнообразный и богатый опыт говорит нам, что сплочённость команды профессионалов не оставляет шанса для дальнейших направлений развития.</p>', '2022-01-04 20:25:24.000000', 'Как бы то ни было, убеждённость некоторых оппонентов продолжает удивлять', 12, 10, 1),
	(12, b'1', 'ACCEPTED', '<p>Но базовые сценарии поведения пользователей, вне зависимости от их уровня, должны быть описаны максимально подробно. Есть над чем задуматься: действия представителей оппозиции могут быть заблокированы в рамках своих собственных рациональных ограничений!</p>', '2022-01-05 15:34:47.000000', 'Частотность поисковых запросов разочаровала', 18, 9, 1),
	(13, b'1', 'ACCEPTED', '<p>Некоторые особенности внутренней политики формируют глобальную экономическую сеть и при этом - смешаны с не уникальными данными до степени совершенной неузнаваемости, из-за чего возрастает их статус бесполезности. Идейные соображения высшего порядка, а также дальнейшее развитие различных форм деятельности прекрасно подходит для реализации дальнейших направлений развития. Тщательные исследования конкурентов неоднозначны и будут ограничены исключительно образом мышления. С другой стороны, убеждённость некоторых оппонентов предполагает независимые способы реализации анализа существующих паттернов поведения.</p>', '2022-01-11 15:38:51.000000', 'Частотность поисковых запросов показала себя во всей красе', 2, 5, 1),
	(14, b'1', 'ACCEPTED', '<p>И нет сомнений, что независимые государства, превозмогая сложившуюся непростую экономическую ситуацию, ассоциативно распределены по отраслям. Кстати, предприниматели в сети интернет рассмотрены исключительно в разрезе маркетинговых и финансовых предпосылок.</p>', '2022-01-07 20:07:55.000000', 'Органический трафик обнадёживает', 9, 8, 1),
	(15, b'1', 'ACCEPTED', '<p>Не следует, однако, забывать, что понимание сути ресурсосберегающих технологий требует анализа модели развития. Не следует, однако, забывать, что постоянное информационно-пропагандистское обеспечение нашей деятельности играет важную роль в формировании переосмысления внешнеэкономических политик. Идейные соображения высшего порядка, а также граница обучения кадров предполагает независимые способы реализации поэтапного и последовательного развития общества. Задача организации, в особенности же постоянный количественный рост и сфера нашей активности является качественно новой ступенью соответствующих условий активизации. Предварительные выводы неутешительны: новая модель организационной деятельности представляет собой интересный эксперимент проверки как самодостаточных, так и внешне зависимых концептуальных решений.</p>', '2022-01-02 23:08:42.000000', 'Оказывается, герцог графства коронован', 20, 6, 1);

INSERT IGNORE INTO `post_comments` (`id`, `text`, `time`, `parent_id`, `post_id`, `user_id`) VALUES
	(1, 'Нынче никто не может себе позволить инициировать звон колоколов', '2022-01-10 05:53:27.000000', NULL, 1, 1),
	(2, 'Окрестности Тулы оросил боевой клич героев', '2022-01-10 05:55:27.000000', NULL, 1, 1),
	(3, 'Цена вопроса не важна, когда средства индивидуальной защиты оказались бесполезны', '2022-01-10 05:59:27.000000', NULL, 1, 1),
	(4, 'Только зима близко', '2022-01-11 05:47:17.000000', NULL, 2, 2),
	(5, 'Консультация с широким активом ни к чему нас не обязывает', '2022-01-11 05:49:17.000000', NULL, 2, 2),
	(6, 'Нынче никто не может себе позволить инициировать старческий скрип Амстердама', '2022-01-11 05:51:17.000000', NULL, 2, 2),
	(7, 'Современная методология разработки продолжает удивлять', '2022-01-07 19:46:30.000000', NULL, 3, 3),
	(8, 'Не следует забывать, что небо темнеет', '2022-01-07 19:48:30.000000', NULL, 3, 3),
	(9, 'Доблесть наших правозащитников продолжает удивлять', '2022-01-07 19:50:30.000000', NULL, 3, 3),
	(10, 'На двадцатом съезде партии прозвучало поразительное заявление: граница обучения кадров разочаровала', '2022-01-12 21:50:09.000000', NULL, 4, 4),
	(11, 'Нынче никто не может себе позволить инициировать звон колоколов', '2022-01-12 21:52:09.000000', NULL, 5, 5),
	(12, 'Кровь стынет в жилах', '2022-01-12 21:54:09.000000', NULL, 5, 5),
	(13, 'Смешно, но потускнели светлые лики икон', '2022-01-09 05:46:54.000000', NULL, 5, 5),
	(14, 'Воистину радостный звук: гитарный перебор', '2022-01-09 05:47:54.000000', NULL, 5, 5),
	(15, 'Консультация с широким активом разочаровала', '2022-01-09 05:49:54.000000', NULL, 5, 5),
	(16, 'Курс на социально-ориентированный национальный проект определил дальнейшее развитие', '2022-01-04 16:22:12.000000', NULL, 6, 6),
	(17, 'Новая модель организационной деятельности даёт нам право принимать самостоятельные решения', '2022-01-04 16:24:12.000000', NULL, 6, 6),
	(18, 'Глубокий уровень погружения не позволил союзу развалиться', '2022-01-04 16:26:12.000000', NULL, 6, 6),
	(19, 'Свободу слова не задушить, пусть даже объем доходов населения сократился', '2022-01-02 20:09:54.000000', NULL, 7, 7),
	(20, 'Доблесть наших правозащитников позволила расправить крылья', '2022-01-02 20:11:54.000000', NULL, 7, 7),
	(21, 'Эксперты утверждают, что реализация намеченных плановых заданий расставила все точки над i', '2022-01-02 20:07:56.000000', NULL, 7, 7),
	(22, 'Оказывается, известный инсайдер, в преддверии важного события, развеял последние сомнения', '2022-01-09 05:36:13.000000', NULL, 8, 8),
	(23, 'Все чаще появляется информация о том, что семантический разбор внешних противодействий стал нашим флагом в борьбе с ложью', '2022-01-09 05:38:13.000000', NULL, 8, 8),
	(24, 'Граница обучения кадров бодрит', '2022-01-09 05:40:13.000000', NULL, 8, 8),
	(25, 'Финансовый мир очнулся: органический трафик определил дальнейшее развитие', '2020-01-03 04:15:09.000000', NULL, 8, 8),
	(26, 'На двадцатом съезде партии прозвучало поразительное заявление: добрая половина выводов сделала своё дело', '2022-01-11 20:41:02.000000', NULL, 9, 9),
	(27, 'Звук клавиш печатной машинки стал нашим флагом в борьбе с ложью', '2022-01-11 20:43:02.000000', NULL, 9, 9),
	(28, 'Никте не вправе осуждать боевой клич героев', '2022-01-11 20:45:02.000000', NULL, 9, 9),
	(29, 'Постоянный количественный рост станет частью наших традиций', '2022-01-09 16:53:22.000000', NULL, 10, 10),
	(30, 'Глубокий уровень погружения ни к чему нас не обязывает', '2022-01-09 16:55:22.000000', NULL, 10, 10),
	(31, 'Инцидент не исчерпан: младая поросль матереет', '2022-01-09 16:57:22.000000', NULL, 10, 10),
	(32, 'Сложившаяся структура организации сделала своё дело', '2022-01-04 20:27:24.000000', NULL, 11, 1),
	(33, 'Все чаще появляется информация о том, что высококачественный прототип будущего проекта обнадёживает', '2022-01-04 20:29:24.000000', NULL, 11, 1),
	(34, 'Постоянный количественный рост не позволил союзу развалиться', '2022-01-04 20:35:24.000000', NULL, 11, 1),
	(35, 'Семантический разбор внешних противодействий так же органично вписывается в наши планы', '2022-01-05 15:36:47.000000', NULL, 12, 2),
	(36, 'Нет звука приятнее, чем старческий скрип Амстердама', '2022-01-05 15:38:47.000000', NULL, 12, 2),
	(37, 'Крепость духовных скреп стала доступной ширнармассам', '2022-01-05 15:40:47.000000', NULL, 12, 2),
	(38, 'Частотность поисковых запросов оказалась чрезвычайно полезной', '2022-01-11 15:40:51.000000', NULL, 13, 3),
	(39, 'Базовый вектор развития обнадёживает', '2022-01-11 15:42:51.000000', NULL, 13, 3),
	(40, 'Давайте разбираться: объем доходов населения сократился', '2022-01-11 15:44:51.000000', NULL, 13, 3),
	(41, 'Может показаться странным, но кровь стынет в жилах', '2022-01-07 20:10:55.000000', NULL, 14, 4),
	(42, 'Семантический разбор внешних противодействий не позволил союзу развалиться', '2022-01-07 20:12:55.000000', NULL, 14, 4),
	(43, 'Независимые СМИ потому и независимы, что чистый разум не скован границами', '2022-01-07 20:14:55.000000', NULL, 14, 4),
	(44, 'Постоянный количественный рост так же органично вписывается в наши планы', '2022-01-02 23:10:42.000000', NULL, 15, 5),
	(45, 'Благородные стремления не спасут: солнечных дней всё меньше', '2022-01-02 23:15:42.000000', NULL, 15, 5);

INSERT IGNORE INTO `tags` (`id`, `name`) VALUES
	(1, 'HTML'),
	(2, 'Java'),
	(3, 'Linux'),
	(4, 'MacOS'),
	(5, 'Python'),
	(6, 'Spring'),
	(7, 'Windows'),
	(8, 'важно'),
	(9, 'горячее'),
	(10, 'игры'),
	(11, 'идея'),
	(12, 'космос'),
	(13, 'медицина'),
	(14, 'москва'),
	(15, 'новинка'),
	(16, 'новость'),
	(17, 'нуар'),
	(18, 'программирование'),
	(19, 'селедка'),
	(20, 'статистика'),
	(21, 'технологии');

INSERT IGNORE INTO `post2tag` (`post_id`, `tag_id`) VALUES
	(1, 1),
	(2, 2),
	(2, 3),
	(3, 4),
	(3, 5),
	(3, 6),
	(4, 7),
	(4, 8),
	(4, 9),
	(4, 10),
	(5, 11),
	(5, 12),
	(5, 13),
	(6, 14),
	(6, 15),
	(6, 16),
	(7, 17),
	(7, 18),
	(8, 19),
	(8, 20),
	(8, 21),
	(9, 1),
	(9, 2),
	(9, 3),
	(9, 4),
	(10, 5),
	(10, 6),
	(11, 7),
	(11, 8),
	(12, 9),
	(12, 10),
	(12, 11),
	(13, 12),
	(13, 13),
	(13, 14),
	(14, 15),
	(14, 16),
	(15, 17),
	(15, 18);

INSERT IGNORE INTO `post_votes` (`id`, `time`, `value`, `post_id`, `user_id`) VALUES
	(1, '2020-01-26 19:35:52.000000', 1, 5, 8),
	(2, '2020-01-26 19:35:52.000000', 1, 5, 5),
	(3, '2020-01-26 19:35:52.000000', -1, 5, 3),
	(4, '2020-01-26 19:35:52.000000', 1, 5, 2),
	(5, '2020-01-26 19:35:52.000000', 1, 5, 4),
	(6, '2020-01-26 19:35:52.000000', -1, 5, 1),
	(7, '2020-01-26 19:35:52.000000', 1, 5, 7),
	(8, '2020-01-26 19:35:52.000000', 1, 5, 6),
	(9, '2020-01-26 19:35:52.000000', 1, 14, 5),
	(10, '2020-01-26 19:35:52.000000', -1, 15, 9),
	(11, '2020-01-26 19:35:52.000000', 1, 10, 1),
	(12, '2020-01-26 19:35:52.000000', 1, 11, 2),
	(13, '2020-01-26 19:35:52.000000', -1, 15, 4),
	(14, '2020-01-26 19:35:52.000000', 1, 15, 7),
	(15, '2020-01-26 19:35:52.000000', -1, 15, 3);

INSERT IGNORE INTO `global_settings` (`id`, `code`, `name`, `value`) VALUES
	(1, 'MULTIUSER_MODE', 'Многопользовательский режим', 'NO'),
	(2, 'POST_PREMODERATION', 'Премодерация постов', 'YES'),
	(3, 'STATISTICS_IS_PUBLIC', 'Показывать всем статистику блога', 'YES');